<?xml version="1.0" encoding="UTF-8"?><?xml-stylesheet type='text/xsl' href='_UpgradeReport_Files/UpgradeReport.xslt'?><UpgradeLog>
<Properties><Property Name="Solution" Value="DentalClinicMS">
</Property><Property Name="Solution File" Value="F:\Compcare Institute\VB.NET Projects\Windows Application\DCM\DentalClinicMS\DentalClinicMS.sln">
</Property><Property Name="User Options File" Value="F:\Compcare Institute\VB.NET Projects\Windows Application\DCM\DentalClinicMS\DentalClinicMS.suo">
</Property><Property Name="Date" Value="Thursday, February 20, 2020">
</Property><Property Name="Time" Value="0:27 AM">
</Property></Properties><Event ErrorLevel="0" Project="" Source="DentalClinicMS.sln" Description="File successfully backed up as F:\Compcare Institute\VB.NET Projects\Windows Application\DCM\DentalClinicMS\Backup\DentalClinicMS.sln">
</Event><Event ErrorLevel="0" Project="" Source="DentalClinicMS.suo" Description="File successfully backed up as F:\Compcare Institute\VB.NET Projects\Windows Application\DCM\DentalClinicMS\Backup\DentalClinicMS.suo">
</Event><Event ErrorLevel="4" Project="DentalClinicMS" Source="http://go.microsoft.com/fwlink/?LinkId=159919" Description="Warning: this project requires Crystal Reports, which is no longer included with Visual Studio. Please click here for more information.">
</Event><Event ErrorLevel="0" Project="DentalClinicMS" Source="DentalClinicMS.vbproj" Description="Project file successfully backed up as F:\Compcare Institute\VB.NET Projects\Windows Application\DCM\DentalClinicMS\Backup\DentalClinicMS.vbproj">
</Event><Event ErrorLevel="0" Project="DentalClinicMS" Source="DentalClinicMS.vbproj.user" Description="Project user file successfully backed up as F:\Compcare Institute\VB.NET Projects\Windows Application\DCM\DentalClinicMS\Backup\DentalClinicMS.vbproj.user">
</Event><Event ErrorLevel="0" Project="DentalClinicMS" Source="CrystalReport1.vb" Description="File successfully backed up as F:\Compcare Institute\VB.NET Projects\Windows Application\DCM\DentalClinicMS\Backup\CrystalReport1.vb">
</Event><Event ErrorLevel="0" Project="DentalClinicMS" Source="DataSet1.vb" Description="File successfully backed up as F:\Compcare Institute\VB.NET Projects\Windows Application\DCM\DentalClinicMS\Backup\DataSet1.vb">
</Event><Event ErrorLevel="0" Project="DentalClinicMS" Source="DCMDataSet2.Designer.vb" Description="File successfully backed up as F:\Compcare Institute\VB.NET Projects\Windows Application\DCM\DentalClinicMS\Backup\DCMDataSet2.Designer.vb">
</Event><Event ErrorLevel="0" Project="DentalClinicMS" Source="DCMDataSet3.Designer.vb" Description="File successfully backed up as F:\Compcare Institute\VB.NET Projects\Windows Application\DCM\DentalClinicMS\Backup\DCMDataSet3.Designer.vb">
</Event><Event ErrorLevel="0" Project="DentalClinicMS" Source="DCMDataSet4.Designer.vb" Description="File successfully backed up as F:\Compcare Institute\VB.NET Projects\Windows Application\DCM\DentalClinicMS\Backup\DCMDataSet4.Designer.vb">
</Event><Event ErrorLevel="0" Project="DentalClinicMS" Source="DCMDataSet5.Designer.vb" Description="File successfully backed up as F:\Compcare Institute\VB.NET Projects\Windows Application\DCM\DentalClinicMS\Backup\DCMDataSet5.Designer.vb">
</Event><Event ErrorLevel="0" Project="DentalClinicMS" Source="DCMDataSet6.Designer.vb" Description="File successfully backed up as F:\Compcare Institute\VB.NET Projects\Windows Application\DCM\DentalClinicMS\Backup\DCMDataSet6.Designer.vb">
</Event><Event ErrorLevel="0" Project="DentalClinicMS" Source="DCMDataSet7.Designer.vb" Description="File successfully backed up as F:\Compcare Institute\VB.NET Projects\Windows Application\DCM\DentalClinicMS\Backup\DCMDataSet7.Designer.vb">
</Event><Event ErrorLevel="0" Project="DentalClinicMS" Source="DCMDataSet8.Designer.vb" Description="File successfully backed up as F:\Compcare Institute\VB.NET Projects\Windows Application\DCM\DentalClinicMS\Backup\DCMDataSet8.Designer.vb">
</Event><Event ErrorLevel="0" Project="DentalClinicMS" Source="Form2.Designer.vb" Description="File successfully backed up as F:\Compcare Institute\VB.NET Projects\Windows Application\DCM\DentalClinicMS\Backup\Form2.Designer.vb">
</Event><Event ErrorLevel="0" Project="DentalClinicMS" Source="Form2.vb" Description="File successfully backed up as F:\Compcare Institute\VB.NET Projects\Windows Application\DCM\DentalClinicMS\Backup\Form2.vb">
</Event><Event ErrorLevel="0" Project="DentalClinicMS" Source="Form4.Designer.vb" Description="File successfully backed up as F:\Compcare Institute\VB.NET Projects\Windows Application\DCM\DentalClinicMS\Backup\Form4.Designer.vb">
</Event><Event ErrorLevel="0" Project="DentalClinicMS" Source="Form4.vb" Description="File successfully backed up as F:\Compcare Institute\VB.NET Projects\Windows Application\DCM\DentalClinicMS\Backup\Form4.vb">
</Event><Event ErrorLevel="0" Project="DentalClinicMS" Source="Master\calender.Designer.vb" Description="File successfully backed up as F:\Compcare Institute\VB.NET Projects\Windows Application\DCM\DentalClinicMS\Backup\Master\calender.Designer.vb">
</Event><Event ErrorLevel="0" Project="DentalClinicMS" Source="Master\calender.vb" Description="File successfully backed up as F:\Compcare Institute\VB.NET Projects\Windows Application\DCM\DentalClinicMS\Backup\Master\calender.vb">
</Event><Event ErrorLevel="0" Project="DentalClinicMS" Source="Master\Medicine.Designer.vb" Description="File successfully backed up as F:\Compcare Institute\VB.NET Projects\Windows Application\DCM\DentalClinicMS\Backup\Master\Medicine.Designer.vb">
</Event><Event ErrorLevel="0" Project="DentalClinicMS" Source="Master\Medicine.vb" Description="File successfully backed up as F:\Compcare Institute\VB.NET Projects\Windows Application\DCM\DentalClinicMS\Backup\Master\Medicine.vb">
</Event><Event ErrorLevel="0" Project="DentalClinicMS" Source="MDIParent1.Designer.vb" Description="File successfully backed up as F:\Compcare Institute\VB.NET Projects\Windows Application\DCM\DentalClinicMS\Backup\MDIParent1.Designer.vb">
</Event><Event ErrorLevel="0" Project="DentalClinicMS" Source="MDIParent1.vb" Description="File successfully backed up as F:\Compcare Institute\VB.NET Projects\Windows Application\DCM\DentalClinicMS\Backup\MDIParent1.vb">
</Event><Event ErrorLevel="0" Project="DentalClinicMS" Source="Report\All Bill.Designer.vb" Description="File successfully backed up as F:\Compcare Institute\VB.NET Projects\Windows Application\DCM\DentalClinicMS\Backup\Report\All Bill.Designer.vb">
</Event><Event ErrorLevel="0" Project="DentalClinicMS" Source="Report\All Bill.vb" Description="File successfully backed up as F:\Compcare Institute\VB.NET Projects\Windows Application\DCM\DentalClinicMS\Backup\Report\All Bill.vb">
</Event><Event ErrorLevel="0" Project="DentalClinicMS" Source="Report\billallrpt.vb" Description="File successfully backed up as F:\Compcare Institute\VB.NET Projects\Windows Application\DCM\DentalClinicMS\Backup\Report\billallrpt.vb">
</Event><Event ErrorLevel="0" Project="DentalClinicMS" Source="Report\BillReport.Designer.vb" Description="File successfully backed up as F:\Compcare Institute\VB.NET Projects\Windows Application\DCM\DentalClinicMS\Backup\Report\BillReport.Designer.vb">
</Event><Event ErrorLevel="0" Project="DentalClinicMS" Source="Report\BillReport.vb" Description="File successfully backed up as F:\Compcare Institute\VB.NET Projects\Windows Application\DCM\DentalClinicMS\Backup\Report\BillReport.vb">
</Event><Event ErrorLevel="0" Project="DentalClinicMS" Source="Report\billrpt.vb" Description="File successfully backed up as F:\Compcare Institute\VB.NET Projects\Windows Application\DCM\DentalClinicMS\Backup\Report\billrpt.vb">
</Event><Event ErrorLevel="0" Project="DentalClinicMS" Source="Report\casedatewise.vb" Description="File successfully backed up as F:\Compcare Institute\VB.NET Projects\Windows Application\DCM\DentalClinicMS\Backup\Report\casedatewise.vb">
</Event><Event ErrorLevel="0" Project="DentalClinicMS" Source="Report\DCMDataSet1.Designer.vb" Description="File successfully backed up as F:\Compcare Institute\VB.NET Projects\Windows Application\DCM\DentalClinicMS\Backup\Report\DCMDataSet1.Designer.vb">
</Event><Event ErrorLevel="0" Project="DentalClinicMS" Source="main.Designer.vb" Description="File successfully backed up as F:\Compcare Institute\VB.NET Projects\Windows Application\DCM\DentalClinicMS\Backup\main.Designer.vb">
</Event><Event ErrorLevel="0" Project="DentalClinicMS" Source="main.vb" Description="File successfully backed up as F:\Compcare Institute\VB.NET Projects\Windows Application\DCM\DentalClinicMS\Backup\main.vb">
</Event><Event ErrorLevel="0" Project="DentalClinicMS" Source="Report\DoctorSpacilityReport.vb" Description="File successfully backed up as F:\Compcare Institute\VB.NET Projects\Windows Application\DCM\DentalClinicMS\Backup\Report\DoctorSpacilityReport.vb">
</Event><Event ErrorLevel="0" Project="DentalClinicMS" Source="Report\DoctorSpacility.Designer.vb" Description="File successfully backed up as F:\Compcare Institute\VB.NET Projects\Windows Application\DCM\DentalClinicMS\Backup\Report\DoctorSpacility.Designer.vb">
</Event><Event ErrorLevel="0" Project="DentalClinicMS" Source="Report\DoctorSpacility.vb" Description="File successfully backed up as F:\Compcare Institute\VB.NET Projects\Windows Application\DCM\DentalClinicMS\Backup\Report\DoctorSpacility.vb">
</Event><Event ErrorLevel="0" Project="DentalClinicMS" Source="Report\patientAgeWiseReport.vb" Description="File successfully backed up as F:\Compcare Institute\VB.NET Projects\Windows Application\DCM\DentalClinicMS\Backup\Report\patientAgeWiseReport.vb">
</Event><Event ErrorLevel="0" Project="DentalClinicMS" Source="Report\PatientReportGenderWise.vb" Description="File successfully backed up as F:\Compcare Institute\VB.NET Projects\Windows Application\DCM\DentalClinicMS\Backup\Report\PatientReportGenderWise.vb">
</Event><Event ErrorLevel="0" Project="DentalClinicMS" Source="Report\prescription.Designer.vb" Description="File successfully backed up as F:\Compcare Institute\VB.NET Projects\Windows Application\DCM\DentalClinicMS\Backup\Report\prescription.Designer.vb">
</Event><Event ErrorLevel="0" Project="DentalClinicMS" Source="Report\prescription.vb" Description="File successfully backed up as F:\Compcare Institute\VB.NET Projects\Windows Application\DCM\DentalClinicMS\Backup\Report\prescription.vb">
</Event><Event ErrorLevel="0" Project="DentalClinicMS" Source="Report\prescriptionrep.vb" Description="File successfully backed up as F:\Compcare Institute\VB.NET Projects\Windows Application\DCM\DentalClinicMS\Backup\Report\prescriptionrep.vb">
</Event><Event ErrorLevel="0" Project="DentalClinicMS" Source="Report\TreatmentRep.Designer.vb" Description="File successfully backed up as F:\Compcare Institute\VB.NET Projects\Windows Application\DCM\DentalClinicMS\Backup\Report\TreatmentRep.Designer.vb">
</Event><Event ErrorLevel="0" Project="DentalClinicMS" Source="Report\TreatmentRep.vb" Description="File successfully backed up as F:\Compcare Institute\VB.NET Projects\Windows Application\DCM\DentalClinicMS\Backup\Report\TreatmentRep.vb">
</Event><Event ErrorLevel="0" Project="DentalClinicMS" Source="Report\TreatmentRepCasepaper.vb" Description="File successfully backed up as F:\Compcare Institute\VB.NET Projects\Windows Application\DCM\DentalClinicMS\Backup\Report\TreatmentRepCasepaper.vb">
</Event><Event ErrorLevel="0" Project="DentalClinicMS" Source="Report\TreatmentRepDoctor.vb" Description="File successfully backed up as F:\Compcare Institute\VB.NET Projects\Windows Application\DCM\DentalClinicMS\Backup\Report\TreatmentRepDoctor.vb">
</Event><Event ErrorLevel="0" Project="DentalClinicMS" Source="Report\TreatmentReport1.vb" Description="File successfully backed up as F:\Compcare Institute\VB.NET Projects\Windows Application\DCM\DentalClinicMS\Backup\Report\TreatmentReport1.vb">
</Event><Event ErrorLevel="0" Project="DentalClinicMS" Source="Report\TreatmentRepTreatmentWise.vb" Description="File successfully backed up as F:\Compcare Institute\VB.NET Projects\Windows Application\DCM\DentalClinicMS\Backup\Report\TreatmentRepTreatmentWise.vb">
</Event><Event ErrorLevel="0" Project="DentalClinicMS" Source="TRANSACTION\Bill.Designer.vb" Description="File successfully backed up as F:\Compcare Institute\VB.NET Projects\Windows Application\DCM\DentalClinicMS\Backup\TRANSACTION\Bill.Designer.vb">
</Event><Event ErrorLevel="0" Project="DentalClinicMS" Source="TRANSACTION\Bill.vb" Description="File successfully backed up as F:\Compcare Institute\VB.NET Projects\Windows Application\DCM\DentalClinicMS\Backup\TRANSACTION\Bill.vb">
</Event><Event ErrorLevel="0" Project="DentalClinicMS" Source="TRANSACTION\casepaperdetails.Designer.vb" Description="File successfully backed up as F:\Compcare Institute\VB.NET Projects\Windows Application\DCM\DentalClinicMS\Backup\TRANSACTION\casepaperdetails.Designer.vb">
</Event><Event ErrorLevel="0" Project="DentalClinicMS" Source="TRANSACTION\casepaperdetails.vb" Description="File successfully backed up as F:\Compcare Institute\VB.NET Projects\Windows Application\DCM\DentalClinicMS\Backup\TRANSACTION\casepaperdetails.vb">
</Event><Event ErrorLevel="0" Project="DentalClinicMS" Source="TRANSACTION\casepaperheader.Designer.vb" Description="File successfully backed up as F:\Compcare Institute\VB.NET Projects\Windows Application\DCM\DentalClinicMS\Backup\TRANSACTION\casepaperheader.Designer.vb">
</Event><Event ErrorLevel="0" Project="DentalClinicMS" Source="TRANSACTION\casepaperheader.vb" Description="File successfully backed up as F:\Compcare Institute\VB.NET Projects\Windows Application\DCM\DentalClinicMS\Backup\TRANSACTION\casepaperheader.vb">
</Event><Event ErrorLevel="0" Project="DentalClinicMS" Source="Casepaper.Designer.vb" Description="File successfully backed up as F:\Compcare Institute\VB.NET Projects\Windows Application\DCM\DentalClinicMS\Backup\Casepaper.Designer.vb">
</Event><Event ErrorLevel="0" Project="DentalClinicMS" Source="Casepaper.vb" Description="File successfully backed up as F:\Compcare Institute\VB.NET Projects\Windows Application\DCM\DentalClinicMS\Backup\Casepaper.vb">
</Event><Event ErrorLevel="0" Project="DentalClinicMS" Source="Master\ChangePassword.Designer.vb" Description="File successfully backed up as F:\Compcare Institute\VB.NET Projects\Windows Application\DCM\DentalClinicMS\Backup\Master\ChangePassword.Designer.vb">
</Event><Event ErrorLevel="0" Project="DentalClinicMS" Source="Master\ChangePassword.vb" Description="File successfully backed up as F:\Compcare Institute\VB.NET Projects\Windows Application\DCM\DentalClinicMS\Backup\Master\ChangePassword.vb">
</Event><Event ErrorLevel="0" Project="DentalClinicMS" Source="Class1.vb" Description="File successfully backed up as F:\Compcare Institute\VB.NET Projects\Windows Application\DCM\DentalClinicMS\Backup\Class1.vb">
</Event><Event ErrorLevel="0" Project="DentalClinicMS" Source="DataSet1.Designer.vb" Description="File successfully backed up as F:\Compcare Institute\VB.NET Projects\Windows Application\DCM\DentalClinicMS\Backup\DataSet1.Designer.vb">
</Event><Event ErrorLevel="0" Project="DentalClinicMS" Source="DCMDataSet.Designer.vb" Description="File successfully backed up as F:\Compcare Institute\VB.NET Projects\Windows Application\DCM\DentalClinicMS\Backup\DCMDataSet.Designer.vb">
</Event><Event ErrorLevel="0" Project="DentalClinicMS" Source="Master\Dcotordetails.Designer.vb" Description="File successfully backed up as F:\Compcare Institute\VB.NET Projects\Windows Application\DCM\DentalClinicMS\Backup\Master\Dcotordetails.Designer.vb">
</Event><Event ErrorLevel="0" Project="DentalClinicMS" Source="Master\Dcotordetails.vb" Description="File successfully backed up as F:\Compcare Institute\VB.NET Projects\Windows Application\DCM\DentalClinicMS\Backup\Master\Dcotordetails.vb">
</Event><Event ErrorLevel="0" Project="DentalClinicMS" Source="docdataset.Designer.vb" Description="File successfully backed up as F:\Compcare Institute\VB.NET Projects\Windows Application\DCM\DentalClinicMS\Backup\docdataset.Designer.vb">
</Event><Event ErrorLevel="0" Project="DentalClinicMS" Source="Master\DoctorType.vb" Description="File successfully backed up as F:\Compcare Institute\VB.NET Projects\Windows Application\DCM\DentalClinicMS\Backup\Master\DoctorType.vb">
</Event><Event ErrorLevel="0" Project="DentalClinicMS" Source="Master\DoctorType.Designer.vb" Description="File successfully backed up as F:\Compcare Institute\VB.NET Projects\Windows Application\DCM\DentalClinicMS\Backup\Master\DoctorType.Designer.vb">
</Event><Event ErrorLevel="0" Project="DentalClinicMS" Source="Master\Employdetails.Designer.vb" Description="File successfully backed up as F:\Compcare Institute\VB.NET Projects\Windows Application\DCM\DentalClinicMS\Backup\Master\Employdetails.Designer.vb">
</Event><Event ErrorLevel="0" Project="DentalClinicMS" Source="Master\Employdetails.vb" Description="File successfully backed up as F:\Compcare Institute\VB.NET Projects\Windows Application\DCM\DentalClinicMS\Backup\Master\Employdetails.vb">
</Event><Event ErrorLevel="0" Project="DentalClinicMS" Source="Master\Login.Designer.vb" Description="File successfully backed up as F:\Compcare Institute\VB.NET Projects\Windows Application\DCM\DentalClinicMS\Backup\Master\Login.Designer.vb">
</Event><Event ErrorLevel="0" Project="DentalClinicMS" Source="Master\Login.vb" Description="File successfully backed up as F:\Compcare Institute\VB.NET Projects\Windows Application\DCM\DentalClinicMS\Backup\Master\Login.vb">
</Event><Event ErrorLevel="0" Project="DentalClinicMS" Source="My Project\AssemblyInfo.vb" Description="File successfully backed up as F:\Compcare Institute\VB.NET Projects\Windows Application\DCM\DentalClinicMS\Backup\My Project\AssemblyInfo.vb">
</Event><Event ErrorLevel="0" Project="DentalClinicMS" Source="My Project\Application.Designer.vb" Description="File successfully backed up as F:\Compcare Institute\VB.NET Projects\Windows Application\DCM\DentalClinicMS\Backup\My Project\Application.Designer.vb">
</Event><Event ErrorLevel="0" Project="DentalClinicMS" Source="My Project\Resources.Designer.vb" Description="File successfully backed up as F:\Compcare Institute\VB.NET Projects\Windows Application\DCM\DentalClinicMS\Backup\My Project\Resources.Designer.vb">
</Event><Event ErrorLevel="0" Project="DentalClinicMS" Source="My Project\Settings.Designer.vb" Description="File successfully backed up as F:\Compcare Institute\VB.NET Projects\Windows Application\DCM\DentalClinicMS\Backup\My Project\Settings.Designer.vb">
</Event><Event ErrorLevel="0" Project="DentalClinicMS" Source="TRANSACTION\prescriptiondetails.Designer.vb" Description="File successfully backed up as F:\Compcare Institute\VB.NET Projects\Windows Application\DCM\DentalClinicMS\Backup\TRANSACTION\prescriptiondetails.Designer.vb">
</Event><Event ErrorLevel="0" Project="DentalClinicMS" Source="TRANSACTION\prescriptiondetails.vb" Description="File successfully backed up as F:\Compcare Institute\VB.NET Projects\Windows Application\DCM\DentalClinicMS\Backup\TRANSACTION\prescriptiondetails.vb">
</Event><Event ErrorLevel="0" Project="DentalClinicMS" Source="Report\All doctor report.Designer.vb" Description="File successfully backed up as F:\Compcare Institute\VB.NET Projects\Windows Application\DCM\DentalClinicMS\Backup\Report\All doctor report.Designer.vb">
</Event><Event ErrorLevel="0" Project="DentalClinicMS" Source="Report\All doctor report.vb" Description="File successfully backed up as F:\Compcare Institute\VB.NET Projects\Windows Application\DCM\DentalClinicMS\Backup\Report\All doctor report.vb">
</Event><Event ErrorLevel="0" Project="DentalClinicMS" Source="Report\All doctor.vb" Description="File successfully backed up as F:\Compcare Institute\VB.NET Projects\Windows Application\DCM\DentalClinicMS\Backup\Report\All doctor.vb">
</Event><Event ErrorLevel="0" Project="DentalClinicMS" Source="Report\All_PatientReport.Designer.vb" Description="File successfully backed up as F:\Compcare Institute\VB.NET Projects\Windows Application\DCM\DentalClinicMS\Backup\Report\All_PatientReport.Designer.vb">
</Event><Event ErrorLevel="0" Project="DentalClinicMS" Source="Report\All_PatientReport.vb" Description="File successfully backed up as F:\Compcare Institute\VB.NET Projects\Windows Application\DCM\DentalClinicMS\Backup\Report\All_PatientReport.vb">
</Event><Event ErrorLevel="0" Project="DentalClinicMS" Source="Master\Patientdetails.Designer.vb" Description="File successfully backed up as F:\Compcare Institute\VB.NET Projects\Windows Application\DCM\DentalClinicMS\Backup\Master\Patientdetails.Designer.vb">
</Event><Event ErrorLevel="0" Project="DentalClinicMS" Source="Master\Patientdetails.vb" Description="File successfully backed up as F:\Compcare Institute\VB.NET Projects\Windows Application\DCM\DentalClinicMS\Backup\Master\Patientdetails.vb">
</Event><Event ErrorLevel="0" Project="DentalClinicMS" Source="Report\Allpatient report.vb" Description="File successfully backed up as F:\Compcare Institute\VB.NET Projects\Windows Application\DCM\DentalClinicMS\Backup\Report\Allpatient report.vb">
</Event><Event ErrorLevel="0" Project="DentalClinicMS" Source="Report\CaseReportDate.Designer.vb" Description="File successfully backed up as F:\Compcare Institute\VB.NET Projects\Windows Application\DCM\DentalClinicMS\Backup\Report\CaseReportDate.Designer.vb">
</Event><Event ErrorLevel="0" Project="DentalClinicMS" Source="Report\CaseReportDate.vb" Description="File successfully backed up as F:\Compcare Institute\VB.NET Projects\Windows Application\DCM\DentalClinicMS\Backup\Report\CaseReportDate.vb">
</Event><Event ErrorLevel="0" Project="DentalClinicMS" Source="Report\PatientAgeReport.Designer.vb" Description="File successfully backed up as F:\Compcare Institute\VB.NET Projects\Windows Application\DCM\DentalClinicMS\Backup\Report\PatientAgeReport.Designer.vb">
</Event><Event ErrorLevel="0" Project="DentalClinicMS" Source="Report\PatientAgeReport.vb" Description="File successfully backed up as F:\Compcare Institute\VB.NET Projects\Windows Application\DCM\DentalClinicMS\Backup\Report\PatientAgeReport.vb">
</Event><Event ErrorLevel="0" Project="DentalClinicMS" Source="Report\PatientReportGender.Designer.vb" Description="File successfully backed up as F:\Compcare Institute\VB.NET Projects\Windows Application\DCM\DentalClinicMS\Backup\Report\PatientReportGender.Designer.vb">
</Event><Event ErrorLevel="0" Project="DentalClinicMS" Source="Report\PatientReportGender.vb" Description="File successfully backed up as F:\Compcare Institute\VB.NET Projects\Windows Application\DCM\DentalClinicMS\Backup\Report\PatientReportGender.vb">
</Event><Event ErrorLevel="0" Project="DentalClinicMS" Source="Master\Treatmentdetails.Designer.vb" Description="File successfully backed up as F:\Compcare Institute\VB.NET Projects\Windows Application\DCM\DentalClinicMS\Backup\Master\Treatmentdetails.Designer.vb">
</Event><Event ErrorLevel="0" Project="DentalClinicMS" Source="Master\Treatmentdetails.vb" Description="File successfully backed up as F:\Compcare Institute\VB.NET Projects\Windows Application\DCM\DentalClinicMS\Backup\Master\Treatmentdetails.vb">
</Event><Event ErrorLevel="0" Project="DentalClinicMS" Source="Master\Treatmentheader.Designer.vb" Description="File successfully backed up as F:\Compcare Institute\VB.NET Projects\Windows Application\DCM\DentalClinicMS\Backup\Master\Treatmentheader.Designer.vb">
</Event><Event ErrorLevel="0" Project="DentalClinicMS" Source="Master\Treatmentheader.vb" Description="File successfully backed up as F:\Compcare Institute\VB.NET Projects\Windows Application\DCM\DentalClinicMS\Backup\Master\Treatmentheader.vb">
</Event><Event ErrorLevel="0" Project="DentalClinicMS" Source="app.config" Description="File successfully backed up as F:\Compcare Institute\VB.NET Projects\Windows Application\DCM\DentalClinicMS\Backup\app.config">
</Event><Event ErrorLevel="0" Project="DentalClinicMS" Source="DataSet1.xsc" Description="File successfully backed up as F:\Compcare Institute\VB.NET Projects\Windows Application\DCM\DentalClinicMS\Backup\DataSet1.xsc">
</Event><Event ErrorLevel="0" Project="DentalClinicMS" Source="DataSet1.xsd" Description="File successfully backed up as F:\Compcare Institute\VB.NET Projects\Windows Application\DCM\DentalClinicMS\Backup\DataSet1.xsd">
</Event><Event ErrorLevel="0" Project="DentalClinicMS" Source="DataSet1.xss" Description="File successfully backed up as F:\Compcare Institute\VB.NET Projects\Windows Application\DCM\DentalClinicMS\Backup\DataSet1.xss">
</Event><Event ErrorLevel="0" Project="DentalClinicMS" Source="DCMDataSet.xsc" Description="File successfully backed up as F:\Compcare Institute\VB.NET Projects\Windows Application\DCM\DentalClinicMS\Backup\DCMDataSet.xsc">
</Event><Event ErrorLevel="0" Project="DentalClinicMS" Source="DCMDataSet.xsd" Description="File successfully backed up as F:\Compcare Institute\VB.NET Projects\Windows Application\DCM\DentalClinicMS\Backup\DCMDataSet.xsd">
</Event><Event ErrorLevel="0" Project="DentalClinicMS" Source="DCMDataSet.xss" Description="File successfully backed up as F:\Compcare Institute\VB.NET Projects\Windows Application\DCM\DentalClinicMS\Backup\DCMDataSet.xss">
</Event><Event ErrorLevel="0" Project="DentalClinicMS" Source="Report\DCMDataSet1.xsc" Description="File successfully backed up as F:\Compcare Institute\VB.NET Projects\Windows Application\DCM\DentalClinicMS\Backup\Report\DCMDataSet1.xsc">
</Event><Event ErrorLevel="0" Project="DentalClinicMS" Source="Report\DCMDataSet1.xsd" Description="File successfully backed up as F:\Compcare Institute\VB.NET Projects\Windows Application\DCM\DentalClinicMS\Backup\Report\DCMDataSet1.xsd">
</Event><Event ErrorLevel="0" Project="DentalClinicMS" Source="Report\DCMDataSet1.xss" Description="File successfully backed up as F:\Compcare Institute\VB.NET Projects\Windows Application\DCM\DentalClinicMS\Backup\Report\DCMDataSet1.xss">
</Event><Event ErrorLevel="0" Project="DentalClinicMS" Source="docdataset.xsc" Description="File successfully backed up as F:\Compcare Institute\VB.NET Projects\Windows Application\DCM\DentalClinicMS\Backup\docdataset.xsc">
</Event><Event ErrorLevel="0" Project="DentalClinicMS" Source="docdataset.xsd" Description="File successfully backed up as F:\Compcare Institute\VB.NET Projects\Windows Application\DCM\DentalClinicMS\Backup\docdataset.xsd">
</Event><Event ErrorLevel="0" Project="DentalClinicMS" Source="docdataset.xss" Description="File successfully backed up as F:\Compcare Institute\VB.NET Projects\Windows Application\DCM\DentalClinicMS\Backup\docdataset.xss">
</Event><Event ErrorLevel="0" Project="DentalClinicMS" Source="My Project\Application.myapp" Description="File successfully backed up as F:\Compcare Institute\VB.NET Projects\Windows Application\DCM\DentalClinicMS\Backup\My Project\Application.myapp">
</Event><Event ErrorLevel="0" Project="DentalClinicMS" Source="My Project\Settings.settings" Description="File successfully backed up as F:\Compcare Institute\VB.NET Projects\Windows Application\DCM\DentalClinicMS\Backup\My Project\Settings.settings">
</Event><Event ErrorLevel="0" Project="DentalClinicMS" Source="DCMDataSet7.xsc" Description="File successfully backed up as F:\Compcare Institute\VB.NET Projects\Windows Application\DCM\DentalClinicMS\Backup\DCMDataSet7.xsc">
</Event><Event ErrorLevel="0" Project="DentalClinicMS" Source="DCMDataSet7.xsd" Description="File successfully backed up as F:\Compcare Institute\VB.NET Projects\Windows Application\DCM\DentalClinicMS\Backup\DCMDataSet7.xsd">
</Event><Event ErrorLevel="0" Project="DentalClinicMS" Source="DCMDataSet7.xss" Description="File successfully backed up as F:\Compcare Institute\VB.NET Projects\Windows Application\DCM\DentalClinicMS\Backup\DCMDataSet7.xss">
</Event><Event ErrorLevel="0" Project="DentalClinicMS" Source="DCMDataSet8.xsc" Description="File successfully backed up as F:\Compcare Institute\VB.NET Projects\Windows Application\DCM\DentalClinicMS\Backup\DCMDataSet8.xsc">
</Event><Event ErrorLevel="0" Project="DentalClinicMS" Source="DCMDataSet8.xsd" Description="File successfully backed up as F:\Compcare Institute\VB.NET Projects\Windows Application\DCM\DentalClinicMS\Backup\DCMDataSet8.xsd">
</Event><Event ErrorLevel="0" Project="DentalClinicMS" Source="DCMDataSet8.xss" Description="File successfully backed up as F:\Compcare Institute\VB.NET Projects\Windows Application\DCM\DentalClinicMS\Backup\DCMDataSet8.xss">
</Event><Event ErrorLevel="0" Project="DentalClinicMS" Source="Resources\report1.png" Description="File successfully backed up as F:\Compcare Institute\VB.NET Projects\Windows Application\DCM\DentalClinicMS\Backup\Resources\report1.png">
</Event><Event ErrorLevel="0" Project="DentalClinicMS" Source="Resources\118-5123.png" Description="File successfully backed up as F:\Compcare Institute\VB.NET Projects\Windows Application\DCM\DentalClinicMS\Backup\Resources\118-5123.png">
</Event><Event ErrorLevel="0" Project="DentalClinicMS" Source="Resources\118-5122.png" Description="File successfully backed up as F:\Compcare Institute\VB.NET Projects\Windows Application\DCM\DentalClinicMS\Backup\Resources\118-5122.png">
</Event><Event ErrorLevel="0" Project="DentalClinicMS" Source="Resources\118-5121.png" Description="File successfully backed up as F:\Compcare Institute\VB.NET Projects\Windows Application\DCM\DentalClinicMS\Backup\Resources\118-5121.png">
</Event><Event ErrorLevel="0" Project="DentalClinicMS" Source="Resources\118-512.png" Description="File successfully backed up as F:\Compcare Institute\VB.NET Projects\Windows Application\DCM\DentalClinicMS\Backup\Resources\118-512.png">
</Event><Event ErrorLevel="0" Project="DentalClinicMS" Source="Resources\3985a1c647252a93eb9ea3b66e20992c (1).jpg" Description="File successfully backed up as F:\Compcare Institute\VB.NET Projects\Windows Application\DCM\DentalClinicMS\Backup\Resources\3985a1c647252a93eb9ea3b66e20992c (1).jpg">
</Event><Event ErrorLevel="0" Project="DentalClinicMS" Source="Resources\181-512.png" Description="File successfully backed up as F:\Compcare Institute\VB.NET Projects\Windows Application\DCM\DentalClinicMS\Backup\Resources\181-512.png">
</Event><Event ErrorLevel="0" Project="DentalClinicMS" Source="Resources\2521_-_Hospital_Reception-512 (1).png" Description="File successfully backed up as F:\Compcare Institute\VB.NET Projects\Windows Application\DCM\DentalClinicMS\Backup\Resources\2521_-_Hospital_Reception-512 (1).png">
</Event><Event ErrorLevel="0" Project="DentalClinicMS" Source="Resources\People-Doctor-Male-icon.png" Description="File successfully backed up as F:\Compcare Institute\VB.NET Projects\Windows Application\DCM\DentalClinicMS\Backup\Resources\People-Doctor-Male-icon.png">
</Event><Event ErrorLevel="0" Project="DentalClinicMS" Source="Resources\1428136341.png" Description="File successfully backed up as F:\Compcare Institute\VB.NET Projects\Windows Application\DCM\DentalClinicMS\Backup\Resources\1428136341.png">
</Event><Event ErrorLevel="0" Project="DentalClinicMS" Source="DCMDataSet2.xsc" Description="File successfully backed up as F:\Compcare Institute\VB.NET Projects\Windows Application\DCM\DentalClinicMS\Backup\DCMDataSet2.xsc">
</Event><Event ErrorLevel="0" Project="DentalClinicMS" Source="DCMDataSet2.xsd" Description="File successfully backed up as F:\Compcare Institute\VB.NET Projects\Windows Application\DCM\DentalClinicMS\Backup\DCMDataSet2.xsd">
</Event><Event ErrorLevel="0" Project="DentalClinicMS" Source="DCMDataSet2.xss" Description="File successfully backed up as F:\Compcare Institute\VB.NET Projects\Windows Application\DCM\DentalClinicMS\Backup\DCMDataSet2.xss">
</Event><Event ErrorLevel="0" Project="DentalClinicMS" Source="DCMDataSet3.xsc" Description="File successfully backed up as F:\Compcare Institute\VB.NET Projects\Windows Application\DCM\DentalClinicMS\Backup\DCMDataSet3.xsc">
</Event><Event ErrorLevel="0" Project="DentalClinicMS" Source="DCMDataSet3.xsd" Description="File successfully backed up as F:\Compcare Institute\VB.NET Projects\Windows Application\DCM\DentalClinicMS\Backup\DCMDataSet3.xsd">
</Event><Event ErrorLevel="0" Project="DentalClinicMS" Source="DCMDataSet3.xss" Description="File successfully backed up as F:\Compcare Institute\VB.NET Projects\Windows Application\DCM\DentalClinicMS\Backup\DCMDataSet3.xss">
</Event><Event ErrorLevel="0" Project="DentalClinicMS" Source="DCMDataSet4.xsc" Description="File successfully backed up as F:\Compcare Institute\VB.NET Projects\Windows Application\DCM\DentalClinicMS\Backup\DCMDataSet4.xsc">
</Event><Event ErrorLevel="0" Project="DentalClinicMS" Source="DCMDataSet4.xsd" Description="File successfully backed up as F:\Compcare Institute\VB.NET Projects\Windows Application\DCM\DentalClinicMS\Backup\DCMDataSet4.xsd">
</Event><Event ErrorLevel="0" Project="DentalClinicMS" Source="DCMDataSet4.xss" Description="File successfully backed up as F:\Compcare Institute\VB.NET Projects\Windows Application\DCM\DentalClinicMS\Backup\DCMDataSet4.xss">
</Event><Event ErrorLevel="0" Project="DentalClinicMS" Source="DCMDataSet5.xsc" Description="File successfully backed up as F:\Compcare Institute\VB.NET Projects\Windows Application\DCM\DentalClinicMS\Backup\DCMDataSet5.xsc">
</Event><Event ErrorLevel="0" Project="DentalClinicMS" Source="DCMDataSet5.xsd" Description="File successfully backed up as F:\Compcare Institute\VB.NET Projects\Windows Application\DCM\DentalClinicMS\Backup\DCMDataSet5.xsd">
</Event><Event ErrorLevel="0" Project="DentalClinicMS" Source="DCMDataSet5.xss" Description="File successfully backed up as F:\Compcare Institute\VB.NET Projects\Windows Application\DCM\DentalClinicMS\Backup\DCMDataSet5.xss">
</Event><Event ErrorLevel="0" Project="DentalClinicMS" Source="DCMDataSet6.xsc" Description="File successfully backed up as F:\Compcare Institute\VB.NET Projects\Windows Application\DCM\DentalClinicMS\Backup\DCMDataSet6.xsc">
</Event><Event ErrorLevel="0" Project="DentalClinicMS" Source="DCMDataSet6.xsd" Description="File successfully backed up as F:\Compcare Institute\VB.NET Projects\Windows Application\DCM\DentalClinicMS\Backup\DCMDataSet6.xsd">
</Event><Event ErrorLevel="0" Project="DentalClinicMS" Source="DCMDataSet6.xss" Description="File successfully backed up as F:\Compcare Institute\VB.NET Projects\Windows Application\DCM\DentalClinicMS\Backup\DCMDataSet6.xss">
</Event><Event ErrorLevel="0" Project="DentalClinicMS" Source="Resources\images-18.jpg" Description="File successfully backed up as F:\Compcare Institute\VB.NET Projects\Windows Application\DCM\DentalClinicMS\Backup\Resources\images-18.jpg">
</Event><Event ErrorLevel="0" Project="DentalClinicMS" Source="Resources\utility.png" Description="File successfully backed up as F:\Compcare Institute\VB.NET Projects\Windows Application\DCM\DentalClinicMS\Backup\Resources\utility.png">
</Event><Event ErrorLevel="0" Project="DentalClinicMS" Source="Resources\report.png" Description="File successfully backed up as F:\Compcare Institute\VB.NET Projects\Windows Application\DCM\DentalClinicMS\Backup\Resources\report.png">
</Event><Event ErrorLevel="0" Project="DentalClinicMS" Source="Resources\casepaper.jpg" Description="File successfully backed up as F:\Compcare Institute\VB.NET Projects\Windows Application\DCM\DentalClinicMS\Backup\Resources\casepaper.jpg">
</Event><Event ErrorLevel="0" Project="DentalClinicMS" Source="Resources\treatment.jpg" Description="File successfully backed up as F:\Compcare Institute\VB.NET Projects\Windows Application\DCM\DentalClinicMS\Backup\Resources\treatment.jpg">
</Event><Event ErrorLevel="0" Project="DentalClinicMS" Source="Resources\emp.png" Description="File successfully backed up as F:\Compcare Institute\VB.NET Projects\Windows Application\DCM\DentalClinicMS\Backup\Resources\emp.png">
</Event><Event ErrorLevel="0" Project="DentalClinicMS" Source="Resources\doctor.png" Description="File successfully backed up as F:\Compcare Institute\VB.NET Projects\Windows Application\DCM\DentalClinicMS\Backup\Resources\doctor.png">
</Event><Event ErrorLevel="0" Project="DentalClinicMS" Source="Resources\patient1.png" Description="File successfully backed up as F:\Compcare Institute\VB.NET Projects\Windows Application\DCM\DentalClinicMS\Backup\Resources\patient1.png">
</Event><Event ErrorLevel="0" Project="DentalClinicMS" Source="Resources\logo1.png" Description="File successfully backed up as F:\Compcare Institute\VB.NET Projects\Windows Application\DCM\DentalClinicMS\Backup\Resources\logo1.png">
</Event><Event ErrorLevel="0" Project="DentalClinicMS" Source="Resources\patient.png" Description="File successfully backed up as F:\Compcare Institute\VB.NET Projects\Windows Application\DCM\DentalClinicMS\Backup\Resources\patient.png">
</Event><Event ErrorLevel="0" Project="DentalClinicMS" Source="DCM.mdf" Description="File successfully backed up as F:\Compcare Institute\VB.NET Projects\Windows Application\DCM\DentalClinicMS\Backup\DCM.mdf">
</Event><Event ErrorLevel="0" Project="DentalClinicMS" Source="DCM_log.ldf" Description="File successfully backed up as F:\Compcare Institute\VB.NET Projects\Windows Application\DCM\DentalClinicMS\Backup\DCM_log.ldf">
</Event><Event ErrorLevel="0" Project="DentalClinicMS" Source="CrystalReport1.rpt" Description="File successfully backed up as F:\Compcare Institute\VB.NET Projects\Windows Application\DCM\DentalClinicMS\Backup\CrystalReport1.rpt">
</Event><Event ErrorLevel="0" Project="DentalClinicMS" Source="Form2.resx" Description="File successfully backed up as F:\Compcare Institute\VB.NET Projects\Windows Application\DCM\DentalClinicMS\Backup\Form2.resx">
</Event><Event ErrorLevel="0" Project="DentalClinicMS" Source="Form4.resx" Description="File successfully backed up as F:\Compcare Institute\VB.NET Projects\Windows Application\DCM\DentalClinicMS\Backup\Form4.resx">
</Event><Event ErrorLevel="0" Project="DentalClinicMS" Source="Master\calender.resx" Description="File successfully backed up as F:\Compcare Institute\VB.NET Projects\Windows Application\DCM\DentalClinicMS\Backup\Master\calender.resx">
</Event><Event ErrorLevel="0" Project="DentalClinicMS" Source="Master\Medicine.resx" Description="File successfully backed up as F:\Compcare Institute\VB.NET Projects\Windows Application\DCM\DentalClinicMS\Backup\Master\Medicine.resx">
</Event><Event ErrorLevel="0" Project="DentalClinicMS" Source="MDIParent1.resx" Description="File successfully backed up as F:\Compcare Institute\VB.NET Projects\Windows Application\DCM\DentalClinicMS\Backup\MDIParent1.resx">
</Event><Event ErrorLevel="0" Project="DentalClinicMS" Source="Report\All Bill.resx" Description="File successfully backed up as F:\Compcare Institute\VB.NET Projects\Windows Application\DCM\DentalClinicMS\Backup\Report\All Bill.resx">
</Event><Event ErrorLevel="0" Project="DentalClinicMS" Source="Report\billallrpt.rpt" Description="File successfully backed up as F:\Compcare Institute\VB.NET Projects\Windows Application\DCM\DentalClinicMS\Backup\Report\billallrpt.rpt">
</Event><Event ErrorLevel="0" Project="DentalClinicMS" Source="Report\BillReport.resx" Description="File successfully backed up as F:\Compcare Institute\VB.NET Projects\Windows Application\DCM\DentalClinicMS\Backup\Report\BillReport.resx">
</Event><Event ErrorLevel="0" Project="DentalClinicMS" Source="Report\billrpt.rpt" Description="File successfully backed up as F:\Compcare Institute\VB.NET Projects\Windows Application\DCM\DentalClinicMS\Backup\Report\billrpt.rpt">
</Event><Event ErrorLevel="0" Project="DentalClinicMS" Source="Report\casedatewise.rpt" Description="File successfully backed up as F:\Compcare Institute\VB.NET Projects\Windows Application\DCM\DentalClinicMS\Backup\Report\casedatewise.rpt">
</Event><Event ErrorLevel="0" Project="DentalClinicMS" Source="main.resx" Description="File successfully backed up as F:\Compcare Institute\VB.NET Projects\Windows Application\DCM\DentalClinicMS\Backup\main.resx">
</Event><Event ErrorLevel="0" Project="DentalClinicMS" Source="Report\DoctorSpacilityReport.rpt" Description="File successfully backed up as F:\Compcare Institute\VB.NET Projects\Windows Application\DCM\DentalClinicMS\Backup\Report\DoctorSpacilityReport.rpt">
</Event><Event ErrorLevel="0" Project="DentalClinicMS" Source="Report\DoctorSpacility.resx" Description="File successfully backed up as F:\Compcare Institute\VB.NET Projects\Windows Application\DCM\DentalClinicMS\Backup\Report\DoctorSpacility.resx">
</Event><Event ErrorLevel="0" Project="DentalClinicMS" Source="Report\patientAgeWiseReport.rpt" Description="File successfully backed up as F:\Compcare Institute\VB.NET Projects\Windows Application\DCM\DentalClinicMS\Backup\Report\patientAgeWiseReport.rpt">
</Event><Event ErrorLevel="0" Project="DentalClinicMS" Source="Report\PatientReportGenderWise.rpt" Description="File successfully backed up as F:\Compcare Institute\VB.NET Projects\Windows Application\DCM\DentalClinicMS\Backup\Report\PatientReportGenderWise.rpt">
</Event><Event ErrorLevel="0" Project="DentalClinicMS" Source="Report\prescription.resx" Description="File successfully backed up as F:\Compcare Institute\VB.NET Projects\Windows Application\DCM\DentalClinicMS\Backup\Report\prescription.resx">
</Event><Event ErrorLevel="0" Project="DentalClinicMS" Source="Report\prescriptionrep.rpt" Description="File successfully backed up as F:\Compcare Institute\VB.NET Projects\Windows Application\DCM\DentalClinicMS\Backup\Report\prescriptionrep.rpt">
</Event><Event ErrorLevel="0" Project="DentalClinicMS" Source="Report\TreatmentRep.resx" Description="File successfully backed up as F:\Compcare Institute\VB.NET Projects\Windows Application\DCM\DentalClinicMS\Backup\Report\TreatmentRep.resx">
</Event><Event ErrorLevel="0" Project="DentalClinicMS" Source="Report\TreatmentRepCasepaper.rpt" Description="File successfully backed up as F:\Compcare Institute\VB.NET Projects\Windows Application\DCM\DentalClinicMS\Backup\Report\TreatmentRepCasepaper.rpt">
</Event><Event ErrorLevel="0" Project="DentalClinicMS" Source="Report\TreatmentRepDoctor.rpt" Description="File successfully backed up as F:\Compcare Institute\VB.NET Projects\Windows Application\DCM\DentalClinicMS\Backup\Report\TreatmentRepDoctor.rpt">
</Event><Event ErrorLevel="0" Project="DentalClinicMS" Source="Report\TreatmentReport.rpt" Description="File successfully backed up as F:\Compcare Institute\VB.NET Projects\Windows Application\DCM\DentalClinicMS\Backup\Report\TreatmentReport.rpt">
</Event><Event ErrorLevel="0" Project="DentalClinicMS" Source="Report\TreatmentRepTreatmentWise.rpt" Description="File successfully backed up as F:\Compcare Institute\VB.NET Projects\Windows Application\DCM\DentalClinicMS\Backup\Report\TreatmentRepTreatmentWise.rpt">
</Event><Event ErrorLevel="0" Project="DentalClinicMS" Source="TRANSACTION\Bill.resx" Description="File successfully backed up as F:\Compcare Institute\VB.NET Projects\Windows Application\DCM\DentalClinicMS\Backup\TRANSACTION\Bill.resx">
</Event><Event ErrorLevel="0" Project="DentalClinicMS" Source="TRANSACTION\casepaperdetails.resx" Description="File successfully backed up as F:\Compcare Institute\VB.NET Projects\Windows Application\DCM\DentalClinicMS\Backup\TRANSACTION\casepaperdetails.resx">
</Event><Event ErrorLevel="0" Project="DentalClinicMS" Source="TRANSACTION\casepaperheader.resx" Description="File successfully backed up as F:\Compcare Institute\VB.NET Projects\Windows Application\DCM\DentalClinicMS\Backup\TRANSACTION\casepaperheader.resx">
</Event><Event ErrorLevel="0" Project="DentalClinicMS" Source="Casepaper.resx" Description="File successfully backed up as F:\Compcare Institute\VB.NET Projects\Windows Application\DCM\DentalClinicMS\Backup\Casepaper.resx">
</Event><Event ErrorLevel="0" Project="DentalClinicMS" Source="Master\ChangePassword.resx" Description="File successfully backed up as F:\Compcare Institute\VB.NET Projects\Windows Application\DCM\DentalClinicMS\Backup\Master\ChangePassword.resx">
</Event><Event ErrorLevel="0" Project="DentalClinicMS" Source="Master\Dcotordetails.resx" Description="File successfully backed up as F:\Compcare Institute\VB.NET Projects\Windows Application\DCM\DentalClinicMS\Backup\Master\Dcotordetails.resx">
</Event><Event ErrorLevel="0" Project="DentalClinicMS" Source="Master\DoctorType.resx" Description="File successfully backed up as F:\Compcare Institute\VB.NET Projects\Windows Application\DCM\DentalClinicMS\Backup\Master\DoctorType.resx">
</Event><Event ErrorLevel="0" Project="DentalClinicMS" Source="Master\Employdetails.resx" Description="File successfully backed up as F:\Compcare Institute\VB.NET Projects\Windows Application\DCM\DentalClinicMS\Backup\Master\Employdetails.resx">
</Event><Event ErrorLevel="0" Project="DentalClinicMS" Source="Master\Login.resx" Description="File successfully backed up as F:\Compcare Institute\VB.NET Projects\Windows Application\DCM\DentalClinicMS\Backup\Master\Login.resx">
</Event><Event ErrorLevel="0" Project="DentalClinicMS" Source="My Project\Resources.resx" Description="File successfully backed up as F:\Compcare Institute\VB.NET Projects\Windows Application\DCM\DentalClinicMS\Backup\My Project\Resources.resx">
</Event><Event ErrorLevel="0" Project="DentalClinicMS" Source="TRANSACTION\prescriptiondetails.resx" Description="File successfully backed up as F:\Compcare Institute\VB.NET Projects\Windows Application\DCM\DentalClinicMS\Backup\TRANSACTION\prescriptiondetails.resx">
</Event><Event ErrorLevel="0" Project="DentalClinicMS" Source="Report\All doctor report.resx" Description="File successfully backed up as F:\Compcare Institute\VB.NET Projects\Windows Application\DCM\DentalClinicMS\Backup\Report\All doctor report.resx">
</Event><Event ErrorLevel="0" Project="DentalClinicMS" Source="Report\All doctor.rpt" Description="File successfully backed up as F:\Compcare Institute\VB.NET Projects\Windows Application\DCM\DentalClinicMS\Backup\Report\All doctor.rpt">
</Event><Event ErrorLevel="0" Project="DentalClinicMS" Source="Report\All_PatientReport.resx" Description="File successfully backed up as F:\Compcare Institute\VB.NET Projects\Windows Application\DCM\DentalClinicMS\Backup\Report\All_PatientReport.resx">
</Event><Event ErrorLevel="0" Project="DentalClinicMS" Source="Master\Patientdetails.resx" Description="File successfully backed up as F:\Compcare Institute\VB.NET Projects\Windows Application\DCM\DentalClinicMS\Backup\Master\Patientdetails.resx">
</Event><Event ErrorLevel="0" Project="DentalClinicMS" Source="Report\Allpatient report.rpt" Description="File successfully backed up as F:\Compcare Institute\VB.NET Projects\Windows Application\DCM\DentalClinicMS\Backup\Report\Allpatient report.rpt">
</Event><Event ErrorLevel="0" Project="DentalClinicMS" Source="Report\CaseReportDate.resx" Description="File successfully backed up as F:\Compcare Institute\VB.NET Projects\Windows Application\DCM\DentalClinicMS\Backup\Report\CaseReportDate.resx">
</Event><Event ErrorLevel="0" Project="DentalClinicMS" Source="Report\PatientAgeReport.resx" Description="File successfully backed up as F:\Compcare Institute\VB.NET Projects\Windows Application\DCM\DentalClinicMS\Backup\Report\PatientAgeReport.resx">
</Event><Event ErrorLevel="0" Project="DentalClinicMS" Source="Report\PatientReportGender.resx" Description="File successfully backed up as F:\Compcare Institute\VB.NET Projects\Windows Application\DCM\DentalClinicMS\Backup\Report\PatientReportGender.resx">
</Event><Event ErrorLevel="0" Project="DentalClinicMS" Source="Master\Treatmentdetails.resx" Description="File successfully backed up as F:\Compcare Institute\VB.NET Projects\Windows Application\DCM\DentalClinicMS\Backup\Master\Treatmentdetails.resx">
</Event><Event ErrorLevel="0" Project="DentalClinicMS" Source="Master\Treatmentheader.resx" Description="File successfully backed up as F:\Compcare Institute\VB.NET Projects\Windows Application\DCM\DentalClinicMS\Backup\Master\Treatmentheader.resx">
</Event><Event ErrorLevel="0" Project="DentalClinicMS" Source="DentalClinicMS.vbproj" Description="Project converted successfully">
</Event><Event ErrorLevel="3" Project="DentalClinicMS" Source="DentalClinicMS.vbproj" Description="Converted">
</Event><Event ErrorLevel="0" Project="" Source="DentalClinicMS.sln" Description="Solution converted successfully">
</Event><Event ErrorLevel="3" Project="" Source="DentalClinicMS.sln" Description="Converted">
</Event><Event ErrorLevel="0" Project="DentalClinicMS" Source="DentalClinicMS.vbproj" Description="Scan complete: Upgrade not required for project files.">
</Event></UpgradeLog>